Cuisines,Count,Percentage
North Indian,936,9.800020940215685
"North Indian, Chinese",511,5.350225107318606
Chinese,354,3.706418176107214
